Stop Name,Mode,Avg. Delay Seconds
ABBAYE,T,105.352885362
ACACIAS,T,90.133716161
ADEPS,B,189.617787189
AERODROME,B,147.880170316
ALBERT,T,109.865853659
ALBERT,B,131.711298701
ALBERT I,T,87.317690311
ALBERT I,B,92.558900524
ALCYONS,T,104.351775487
ALMA,M,89.589915477
ALPHONSE XIII,T,113.590183464
ALTITUDE CENT,B,112.668917018
AMBIORIX,B,148.283530207
AMETHYSTE,B,148.898633257
AMITIE,T,120.981282755
ANATOLE FRANCE,B,138.719602978
ANCIENNE BARRIERE,T,118.070262598
ANCIENNE BARRIERE,B,149.231681786
ANDROMEDE,B,161.384049414
ANNECY,B,120.706518179
ANNEESSENS,T,106.026670986
ANNEESSENS,B,137.506637168
ANTOON VAN OSS,B,140.122944244
AQUIRIS,B,156.159163987
ARAUCARIA,T,88.592380533
ARBRE BALLON,T,120.272493573
ARBRE BALLON,B,153.294304371
ARBRE UNIQUE,B,138.253363229
ARCADES,B,98.841061886
ARCHIDUCS,B,154.992948287
ARENBERG,B,131.255964902
ARIANE,B,137.019397029
ARISTIDE BRIAND,B,118.202401011
ARSENAL,T,105.041706550
ARSENAL,B,112.638719512
ARTEMIS,B,131.624895362
ARTISTES,B,122.040533607
ARTS ET METIERS,T,113.283479524
ARTS-LOI,M,109.850906517
AUDERGHEM-FORET,T,119.931396786
AUDERGHEM-SHOP.,T,114.237067845
AUDERGHEM-SHOP.,B,112.683445190
AUDITOIRES-UCL,B,159.123307544
AUDREY HEPBURN,B,177.918952618
AULNE,B,131.271475867
AUMALE,M,89.556538305
AUTRIQUE,B,167.130726257
AVANT-PORT,B,169.810844116
AVENUE DU PORT,B,151.053985454
AVENUE DU ROI,T,99.342346830
AVENUE DU ROI,B,129.480327478
AVIATION,T,121.160919540
AZALEES,B,174.938282139
AZUR,T,92.712207588
BAILLI,T,97.386542830
BAILLI,B,135.394584838
BAN-EIK,T,139.569311940
BARA,T,88.169664353
BARON DE CASTRO,B,162.203225806
BARRIERE,T,113.860645068
BASCULE,T,94.372529397
BASCULE,B,127.118846618
BASILIX,B,134.945962889
BASTOGNE,B,126.393205469
BEAULIEU,M,86.817088410
BEAULIEU,B,105.569739723
BEAUTE,B,119.181911916
BEECKMANS,B,126.711876969
BEEKKANT,M,111.606388642
BEEKKANT,B,98.237272064
BEGUINAGE,B,93.495466566
BEKA,B,149.945652174
BEL-AIR,T,115.641340782
BELGICA,T,100.015429934
BELGICA,M,141.319662991
BELGICA,B,155.718048557
BEMPT,T,119.667247387
BEMPT,B,175.609628770
BENES,B,143.499913540
BERCHEM-SHOPPING,T,108.787275693
BERCHEM-SHOPPING,B,121.116040482
BERENSHEIDE,B,187.835635359
BERGDAL,B,180.020089763
BERGOJE,B,145.477035160
BERKENDAEL,T,108.503662865
BERTHELOT,T,126.201194399
BERVOETS,B,161.851085310
BESME,T,104.747985519
BETHLEEM,T,87.733149931
BEYSEGHEM,B,148.066637050
BIARRITZ,B,140.756925741
BIBLIOTHEQUE,B,100.771153846
BICHON,B,121.024336060
BICOQUE,B,150.272288262
BIEBUYCK,B,168.059954751
BIEN-FAIRE,B,166.328716528
BIENFAITEURS,T,196.486618005
BIENFAITEURS,B,111.769497400
BIGARREAUX,B,177.037521079
BIPLAN,B,117.681576061
BIZET,M,89.233779434
BIZET,B,170.883720930
BLOKKEN,B,154.377990431
BLYCKAERTS,B,126.051589340
BOCKSTAEL,T,104.525835276
BOCKSTAEL,M,143.073635057
BOCKSTAEL,B,147.085485013
BOETENDAEL,T,109.752547857
BOILEAU,T,92.331327890
BOILEAU,B,163.951385390
BOIS DES ILES,B,134.055515081
BOITSFORT GARE,T,114.280972046
BOLLINCKX,B,168.687063655
BON AIR,B,117.860749051
BONAVENTURE,B,154.798711063
BOONDAEL GARE,T,113.445297746
BOONDAEL GARE,B,160.575527426
BORDET STATION,T,79.947737412
BORDET STATION,B,133.421203044
BORNE,B,165.861810552
BOSSAERT-BASILIQ.,T,105.711049958
BOSSAERT-BASILIQ.,B,127.684681752
BOSSUET,B,140.484606613
BOTANIQUE,T,103.724187875
BOTANIQUE,M,126.576395582
BOTANIQUE,B,157.707976566
BOULE ET BILL,B,157.042332434
BOULEAUX,B,139.994080038
BOURDON,T,110.966379000
BOURDON,B,173.991183104
BOURGET,T,185.485074627
BOURGET,B,176.546320805
BOURSE,T,105.650051683
BOURSE,B,125.580435104
BOZAR,B,104.527125036
BRABANCONNE,B,139.127986643
BRAEMT,B,148.548387097
BRAVES,B,170.787018756
BREMER,B,167.618302925
BRESIL,T,115.690172414
BRESIL,B,163.670509126
BRILLANT,B,163.812564722
BROEK,B,118.508474576
BROEREN,B,118.274509804
BROUSTIN,T,108.806639487
BRUNARD,B,150.329019074
BRUSSELS AIRPORT,B,117.492744276
BRUSSELSESTEENWEG,T,122.268348251
BRUXELLOIS,T,120.840451128
BUANDERIE,B,90.079297430
BUDA,B,180.883583447
BUEDTS,B,107.907965256
BUISSONNETS,T,88.644613321
BUYL,T,101.286588956
BUYL,B,96.666149254
CABRIS,B,176.384897154
CALYPSO 2000,B,128.135455680
CAMBRE-ETOILE,T,104.014694781
CAMPUS CERIA,B,178.301267281
CANDRIES,B,121.056166896
CAPRICORNE,B,160.320400245
CARENE,B,145.653017781
CARLI,B,150.179745493
CARREFOUR STALLE,T,107.429386971
CARREFOUR STALLE,B,182.609501738
CAVELL,T,98.763197587
CAVELL,B,151.056967147
CERES,B,154.655128746
CERIA,M,88.971396834
CERIA,B,198.426521785
CERISAIE,B,96.392022562
CESAR DE PAEPE,B,147.236243158
CHANT D'OISEAU,B,151.986482515
CHAPELLE,B,146.888888889
CHARMILLE,B,123.573238387
CHARROI,B,140.539783947
CHASSEURS ARDEN.,B,152.793223382
CHATAIGNES,T,119.098534516
CHAUMONTEL,B,151.930570315
CHAZAL,T,92.044137198
CHAZAL,B,115.149947571
CHEMIN DE FER,B,156.387326733
CHEMIN VERT,B,127.262327810
CHENAIE,B,151.464453125
CHEVALERIE,B,147.537563131
CHIEN VERT,T,122.504312980
CHIEN VERT,B,148.820301783
CHIREC,B,98.368583162
CHOPIN,B,123.287010401
CHURCHILL,T,97.301994609
CICERON,B,111.543180930
CIM. D'IXELLES,B,95.500227952
CIM. DE BRUXELLES,B,120.258696374
CIM. DE JETTE,T,98.934213328
CIM. DE JETTE,B,154.365918367
CIM. DE MOLENBEEK,T,105.904013785
CIM. DE MOLENBEEK,B,116.221916394
CIMETIERES,B,127.513900048
CLAESSENS,B,159.561714286
CLAYS,B,147.889880952
CLEMENCE EVERARD,B,129.827008379
CLEMENCEAU,M,129.716897296
CLEMENCEAU,B,85.948802947
CLESSE,B,115.307300509
CLINIQUES-UCL,B,152.212593876
CLOVIS,B,135.957618894
COCCINELLES,T,112.448550313
COGHEN,B,177.103358500
COLIGNON,B,174.187746724
COLLEGE S.-COEUR,T,101.334979210
COLLEGE S.-COEUR,B,117.172927662
COLLEGE ST-PIERRE,B,184.159165752
COLOMBOPHILES,B,164.487847222
COLONEL BOURG,B,148.288978930
COMBAZ,T,128.490307868
COMHAIRE,B,109
COMTE DE FLANDRE,M,90.080282502
COMTE DE FLANDRE,B,173.905198777
CONDOR,B,124.781748868
CONGRES,T,101.324562851
CONSCIENCE,B,119.041889280
CONSEIL,T,89.325771897
CORTENBACH,B,117.331568060
COTEAUX,B,179.363318645
CPAS GANSHOREN,B,158.783011583
CRAETBOS,B,180.709039548
CRAINHEM,M,91.526693456
CREMATORIUM,T,121.080422040
CROCQ,B,155.866775068
CROIX DE GUERRE,B,158.434841454
CROSSING,B,151.711418048
CUREGHEM,T,104.337136205
CUREGHEM,B,82.282393670
DA VINCI,T,151.090629275
DA VINCI,B,147.176362488
DAILLY,B,142.679648775
DANSAERT,B,190.609598191
DARWIN,T,145.451414514
DAUTZENBERG,T,84.612943707
DE BEJAR,B,151.863181672
DE BROUCKERE,T,108.195451813
DE BROUCKERE,M,90.061088556
DE BROUCKERE,B,124.072095929
DE BURBURE,T,114.381353700
DE HEYN,B,153.597998332
DE LINDE,B,76.205193808
DE LOMBAERDE,B,112.710591133
DE VILLALOBAR,T,119.596636319
DE VILLEGAS,B,180.207360615
DE WAND,T,97.741795580
DE WAND,B,148.836176376
DE WANSIJN,B,158.449798215
DEBUSSY,B,156.158723581
DECROLY,B,107.290364661
DEFACQZ,T,102.909604520
DEGROOFF,B,146.669616850
DELACROIX,M,129.586749754
DELACROIX,B,133.463426791
DELHOVE,B,156.715472893
DELLEUR,T,115.439098199
DELPORTE,B,101.962732919
DELTA,M,87.683139535
DELTA,B,101.282391003
DEMEY,M,84.903939962
DEMEY,B,145.721546961
DEMINEURS,T,103.616461366
DEMINEURS,B,152.571743929
DEMOLDER,T,92.526805082
DEPORTES,B,133.000268312
DESTOUVELLES,B,131.890008961
DEUTSCHE SCHULE,B,204.144970414
DEUX CHAUSSEES,B,145.685109074
DEUX GARES,B,99.674740484
DIABLOTINS,B,132.491968104
DIABOLO,B,149.282059482
DIAMANT,T,95.436898698
DIAMANT,B,151.812052019
DIEGEMSTRAAT,B,156.864674868
DIELEGHEM,B,149.800331858
DIEUDONNE LEFEVRE,B,160.477200308
DIEWEG,T,137.824210257
DIGUE DU CANAL,B,123.681290973
DIRECTOIRE,B,180.585928489
DIVIN SAUVEUR,B,161.251575630
DOCKS BRUXSEL,T,96.662958843
DOCKS BRUXSEL,B,167.729524604
DOMAINE,B,113.950882890
DON BOSCO,B,135.295513748
DORENT,B,203.267230169
DOUVRES,T,101.773915387
DOUVRES,B,103.702910672
DREVE DE NIVELLES,B,153.475013291
DREVE DES BRULES,T,121.958313926
DRIES,B,156.489843029
DROGENBOS,T,135.803796582
DROGENBOS-SHOP.,B,187.117881322
DROSSART,B,158.721804511
DUBOIS,B,125.995568140
DUCHESSE BRABANT,T,112.591126633
DUCHESSE BRABANT,B,159.886211071
DUDEN,B,122.520254170
DUNANT,B,127.910059035
DUNETTE,B,129.602444904
DUYSBURGH,B,160.760892116
EDDY MERCKX,M,88.597745013
EDDY MERCKX,B,165.493810179
EENENS,B,143.643179025
EGGERGAT,B,191.635424940
EGIDE VAN OPHEM,T,103.311113099
EGIDE VAN OPHEM,B,190.463280714
EGLANTIERS,T,117.865842055
EGLISE ST-ANTOINE,T,90.056904762
EGLISE ST-JULIEN,B,113.611629183
EGLISE WEZEMBEEK,B,190.159388646
ELBERS,B,127.798299320
ELEPHANT,B,168.967847158
ELISABETH,M,126.502248018
ELOY,B,110.896396396
EMILE DELVA,B,138.850309767
EMPAIN,T,118.507858316
ENGELAND,T,112.599832636
ENGELAND,B,163.312116136
ENNEPETAL,B,169.283358896
ENTREPOT,B,160.741641572
EQUIPAGES,B,143.053072626
ERASME,M,90.992603872
ERASME,B,160.839097744
ERNEST LAUDE,B,142.864981173
ERNEST SALU,T,86.162441038
ESCRIME,T,119.167505392
ESPLANADE,T,132.568178044
ESPLANADE,B,177.559647466
ETANGS,B,127.088857143
ETANGS BOITSFORT,B,157.337480560
ETANGS D'IXELLES,B,93.778011131
ETANGS NOIRS,M,89.348650955
ETANGS NOIRS,B,133.142534978
ETTERBEEK GARE,T,98.608624275
ETTERBEEK GARE,B,99.564369599
EUGENE TOUSSAINT,B,140.770833333
EUROCONTROL,T,216.737422868
EVERE SHOPPING,T,184.029695970
EVERE SHOPPING,B,138.824228292
EXPOSITION,T,117.662436877
FAIDER,T,136.610928859
FAUCONNERIE,T,114.600997129
FAUCONNERIE,B,95.902753659
FERME NOS PILIFS,B,137.706451281
FERNAND COCQ,B,107.904988789
FERNAND LEGER,B,118.747264622
FETIS,B,114.496990973
FEVRIER,B,133.746024096
FIRMIN LECHARLIER,B,159.028533636
FLAGEY,T,90.050662972
FLAGEY,B,122.206914479
FLORIDE,B,130.846255652
FONSON,T,68.845347313
FONSON,B,127.294131346
FOREST (BERVOETS),B,105.948911652
FOREST CENTRE,T,114.452509294
FOREST CENTRE,B,159.25
FOREST NATIONAL,B,149.980946948
FORESTERIE,B,163.817679558
FORESTOISE,B,166.251507321
FORT-JACO,T,95.176470588
FORT-JACO,B,196.696248856
FORUM,B,176.340459338
FOYER JETTOIS,T,96.785512367
FOYER SCHAERBEEK.,T,80.2334375
FRAITEUR,B,94.112504611
FRANS COURTENS,B,140.310030395
FRANS HALS,T,84.669306008
FRANS HALS,B,162.102982955
FROISSART,B,157.128579235
FRUITS,B,139.634720740
FUSEE,T,177.341603053
FUSS,B,152.809169279
FUTAIE,B,158.098989195
GALLAIT,T,110.533802267
GANSHOREN-SPORT,B,126.202290951
GARDON,B,174.384446075
GARE CENTRALE,M,88.896426956
GARE CENTRALE,B,122.955328701
GARE D'EVERE,B,125.272805880
GARE DE BERCHEM,T,144.207962786
GARE DE BERCHEM,B,143.871600785
GARE DE BOCKSTAEL,B,127.937706271
GARE DE HAREN-SUD,B,120.047483110
GARE DE JETTE,T,101.673081355
GARE DE JETTE,B,158.115561896
GARE DE L'OUEST,T,108.083088432
GARE DE L'OUEST,M,116.414616948
GARE DE L'OUEST,B,137.008757590
GARE DE LINKEBEEK,B,175.006139005
GARE DE SAINT-JOB,T,112.251955537
GARE DE SAINT-JOB,B,167.277182733
GARE DU MIDI,T,109.310487475
GARE DU MIDI,M,129.189304544
GARE DU MIDI,B,143.411308710
GARE DU NORD,T,108.139785704
GARE DU NORD,B,134.683038811
GARE FOREST-EST,B,145.457610113
GATTI DE GAMOND,B,111.179743888
GAULOIS,B,141.683808459
GAZELLE,B,180.318578649
GEEFS,B,173.562130178
GENEVE,B,171.684596577
GENOT,T,104.416644960
GENOT,B,143.159635120
GEO BERNIER,B,94.272685693
GEORGES BRUGMANN,B,154.271674331
GEORGES HENRI,T,96.027580772
GEORGES HENRI,B,146.526134311
GERGEL,B,184.948019802
GERMOIR,T,90.114883047
GERMOIR,B,98.681742354
GERSIS,B,140.198654941
GILLON,T,101.075146389
GILSON,B,173.601762712
GJ MARTIN,T,112.233379724
GLIBERT,B,84.223354368
GLOBE,T,106.438039457
GLOBE,B,183.607996051
GOFFIN,T,102.074364773
GOSSART,T,95.083398590
GOSSART,B,115.890030021
GRAND SABLON,B,125.524696761
GRAND-PLACE,B,127.033052495
GRAND'ROUTE,T,109.555176038
GRIBAUMONT,M,89.685272785
GRIOTTES,B,159.194335938
GROELSTVELD,B,152.547049442
GUEUX,B,146.453848927
GUI,B,185.076453411
GUILL. DE GREEF,T,93.299049541
GUILL. DE GREEF,B,154.935978836
GUILLAUME,B,125.993487271
GUILLAUME TELL,T,91.493108201
GULLEDELLE,B,132.331482661
GUTENBERG,B,128.819026426
HANKAR,M,89.919747353
HANKAR,B,109.468207088
HANNETONS,B,154.380952381
HANSSENSPARK,B,156.488533704
HAREN,B,117.901640847
HEEMBEEK,T,92.690854211
HEEMBEEK,B,130.234700740
HEILIGENBORRE,B,154.689354276
HELDENPLEIN,B,159.895073236
HELIOTROPES,T,92.768529241
HELLEVELT,B,152.404031551
HELMET,T,85.608304795
HERMAN,B,215.110924370
HERMES,B,127.147716895
HERNALSTEEN,B,184.329660239
HEROS,T,109.446735693
HEROS,B,147.384341637
HERRMANN-DEBROUX,T,117.237974362
HERRMANN-DEBROUX,M,100.588605028
HERRMANN-DEBROUX,B,143.155485232
HET VEROOST,B,122.585976268
HEYDENBERG,B,131.645710681
HEYSEL,T,87.810239697
HEYSEL,M,142.580465010
HEYSEL,B,160.859704851
HIPPOD. BOITSFORT,T,114.876345498
HIPPODROME,B,134.874493927
HOEDEMAEKERS,B,130.104547009
HOF TEN BERG,B,92.129317706
HOF TER MUSSCHEN,B,144.547449705
HOMBORCH,B,173.479628306
HOOGBOSCH,B,124.979511143
HOOGVELD,B,373.090909091
HOP. DES ENFANTS,B,151.775858832
HOP. ETT.-IXELLES,B,98.464566929
HOP. MILITAIRE,B,105.714478599
HOP. PAUL BRIEN,T,91.130542230
HOP. SAINT-PIERRE,B,140.839103068
HOP.STE-ELISABETH,B,150.798336377
HOPITAL BRACOPS,B,115.338806530
HOPITAL BRUGMANN,T,98.592761981
HOPITAL BRUGMANN,B,146.303709743
HORTA,T,110.554756073
HOSPICES,B,175.218214075
HOTEL DES MONNAIES,M,127.598712446
HOUBA-BRUGMANN,M,143.552246340
HOUWAERT,B,148.730352304
HOUZEAU,B,160.042618820
HUART-HAMOIR,B,143.973871734
HUIT HEURES,B,164.964876033
HUMANITE,B,78.599609375
HUNDERENVELD,T,115.663621202
HUNDERENVELD,B,126.003053953
HYMANS,B,128.541842061
ICHEC,T,256
ICHEC,B,138.318804665
IDALIE,B,115.824172804
ILE SAINTE-HELENE,B,119.732268041
IMPRIMERIE,T,107.023185674
IMPRIMERIE,B,127.924356775
INTERNAT. SCHOOL,B,172.315091211
INTERNATIONAL,B,142.273125342
INVALIDES,B,141.046272494
JACOBS FONTAINE,T,98.966026588
JACOBS FONTAINE,B,155.301139306
JACQUES BREL,M,90.379066240
JACQUES BREL,B,161.377873295
JAKOB SMITS,B,108.244635193
JAMBLINNE DE MEUX,B,148.447238681
JANSON,T,117.914405229
JARDIN MASSART,B,111.728132388
JEANNE,T,118.151970872
JEANNE,B,89.628984825
JEANNE HERREMAN,T,108.099412172
JEANNE HERREMAN,B,171.557387720
JESPERS,B,122.956537102
JEU DE BALLE,B,143.035303777
JORDAEN,B,159.517578125
JOSAPHAT,B,119.827992331
JOSEPH BAECK,T,105.984623314
JOSEPH BAECK,B,127.820845898
JOSEPH.-CHARLOTTE,M,89.387793427
JOURDAN,B,145.011918031
JUBILE,T,135.140257265
JULES BORDET,B,137.723149967
JULES CESAR,T,122.541722595
JULES CESAR,B,140.724468085
JULES DE TROOZ,T,101.944171467
JUPITER,B,137.011299435
KAPEL RUISBROEK,B,164.917789387
KAREL BOGAERD,B,123.175310759
KARREVELD,T,102.359698223
KARREVELD,B,141.449484536
KATTENBERG,B,160.936451898
KELLE,B,152.282727489
KERK RUISBROEK,B,165.317330837
KERK VILVOORDE,B,161.496586599
KEYENBEMPT,T,105.232066983
KEYM,B,133.246755908
KONKEL,B,94.352210083
KRAAINEM,B,119.292837715
KRAAINEM-SHOPPING,B,185.090379009
KRUIPWEG,B,128.420500095
KURTH,B,118.393956563
LA CHASSE,T,91.303576888
LA CHASSE,B,124.087320417
LA ROUE,M,87.856704012
LABEUR,B,138.740234375
LAINE,B,114.462136847
LANCASTER,T,123.435617104
LANGEVELD,B,151.116260163
LATINIS,B,113.488010204
LE ROUX,B,151.912693961
LEFRANCQ,T,89.538940810
LEGRAND,T,107.789721477
LEKAERTS,T,182.245227606
LEKAERTS,B,115.469480210
LEMAN,B,131.008792589
LEMONNIER,T,114.078178092
LENNEKE MARE,B,125.350881430
LENOIR,T,99.794207317
LEOPOLD I,B,135.071642261
LEOPOLD II,T,124.679437001
LEOPOLD III,T,128.561917690
LEOPOLD III,B,131.162815690
LEPOUTRE,B,155.371326165
LEROY,B,115.037277984
LES 3 TILLEULS,B,121.871383102
LEVIE,B,129.989708405
LEVURE,T,89.110961969
LEVURE,B,152.496383363
LIBERTE,B,104.316896471
LIEDTS,T,126.343516101
LIVERPOOL,B,91.719986807
LIVINGSTONE,B,141.872392211
LOISIRS,B,132.137824155
LOMBARDIE,T,108.758820059
LONG BONNIER,B,148.198740076
LONG-CHENE,B,211.097777778
LONGCHAMP,T,98.395996209
LONGCHAMP,B,119.717413572
LORGE,B,158.011291978
LOT STATION,B,108.055910543
LOUIS BERTRAND,T,93.190193450
LOUIS BERTRAND,B,118.317717370
LOUIS HAP,B,142.097371565
LOUIS MARCELIS,T,121.170295924
LOUIS MARCELIS,B,186.802083333
LOUISE,T,107.765558562
LOUISE,M,127.868417266
LOUISE,B,214.586461341
LOUTRIER,B,156.384791123
LOWET,B,131.840080211
LOYAUTE,B,131.153934686
LUTHER,B,160.110429448
LUXEMBOURG,B,155.450986627
MA CAMPAGNE,T,148.254135079
MA CAMPAGNE,B,138.902076478
MABRU,T,103.491674968
MACHTENS,B,108.245238544
MADOU,M,126.395695607
MADOU,B,127.048906519
MADOUX,T,118.377166608
MAELBEEK,M,89.314372816
MAELBEEK,B,143.136719400
MAES,B,123.413451374
MAI,B,127.909184302
MAISON D'ERASME,B,124.484764543
MALIBRAN,B,139.856104064
MANNEKEN-PIS,B,180.166716285
MANOIR D'ANJOU,B,136.683268229
MARCEL THIRY,B,131.800079334
MAREYDE,B,153.764318992
MARGUERITE,B,127.162842339
MARGUERITE DURAS,T,138.334144610
MARICOLLES,B,122.467018470
MARIE CURIE,B,165.482323232
MARIE DEPAGE,B,183.236620416
MARIE-CHRISTINE,T,129.760530750
MARIE-CHRISTINE,B,197.410349288
MARIE-JOSE,T,115.111015491
MARIUS RENARD,T,94.111736811
MARLOW,T,120.354118553
MARLY,B,168.438135087
MARMOTTE,B,197.125647668
MARTIN LUTH. KING,B,160.162104133
MASUI,T,109.115083688
MASUI,B,136.073337751
MATISSE,B,116.793721973
MAX WALLER,T,119.513108614
MAX WALLER,B,174.172930904
MAX-PLASKY,B,128.235939158
MEIR,T,88.055714969
MEIR,B,93.509152720
MEISER,T,123.711822277
MEISER,B,157.420292823
MELARD,B,136.232551233
MENNEKENS,T,103.546588320
MERCATOR,B,153.623445826
MERCHTEM,B,143.982966643
MERCURE,B,165.509001200
MERLO,T,110.447903917
MERODE,T,91.045268612
MERODE,M,92.072866143
MERODE,B,144.745225438
MERTENS,B,147.614015977
MESSIDOR,T,109.625510990
MEUDON,B,145.954236729
MEYLEMEERSCH,B,162.869995290
MICHEL-ANGE,B,157.045694200
MICHIELS,B,150.147651007
MIDDELWEG,B,157.525679758
MINNEMOLEN,B,165.837563452
MIRAVAL,B,149.644755245
MIROIR,T,105.050772912
MIROIR,B,125.363861004
MOENSBERG GARE,B,173.423563081
MOLIERE,T,151.561326658
MOLIERE-LONGCHAMP,B,132.249140356
MOMMAERTS,B,160.202677313
MONACO,T,118.032441860
MONNOYER,B,154.018124507
MONT KEMMEL,B,114.004072883
MONTALD,B,142.640625
MONTANA,B,154.946937439
MONTGOMERY,T,96.123951368
MONTGOMERY,M,90.378732200
MONTGOMERY,B,133.277048774
MONTJOIE,B,117.087470449
MOONENS,B,141.631299735
MOORSLEDE,T,98.574393109
MOORTEBEEK,B,61.071447265
MORIS,T,109.046584479
MOSTINCK,B,145.925696594
MOUETTES,B,152.991831605
MOUNIER,B,161.480046948
MOZART,B,162.813411079
MUSEE D'IXELLES,B,92.703640403
MUSEE DU TRAM,T,120.559395962
MUSEE DU TRAM,B,161.386271871
MUSEUM,B,119.803578324
MYSTERE,B,126.262806449
NAPOLEON,B,188.133333333
NATATION,B,146.057942058
NEERPEDE,B,77.942212675
NEERSTALLE,T,115.281071117
NEERSTALLE,B,170.346932420
NEKKERSDAL,B,162.062678742
NEREUS,B,142.071886232
NERVIENS,B,153.274549098
NEUBERGER,B,126.092470702
NICOLAY,B,93.795381970
NOTRE-DAME,B,118.606088142
OBSERVATOIRE,B,142.137391562
OCEAN ATLANTIQUE,B,147.570231959
ODON WARLAND,T,100.064280388
ONZE NOVEMBRE,B,149.909227589
OPALE,B,143.268497758
OPPEM,B,92.774647887
OPPEMSTRAAT,T,123.782620922
OPTIMISME,B,137.857769799
ORBAN,T,110.384391804
ORBAN,B,127.980450292
OSSEGHEM,M,130.911534377
OSSEGHEM,B,136.883463620
OUD KAPELLEKE,B,141.089604782
PADDOCK,B,139.259588400
PADUWA,B,131.722799948
PAGODES,B,146.119003388
PAIX,T,74.865744508
PAIX,B,130.213094950
PALAIS,T,101.870988176
PALAIS 12,B,175.858021527
PALFIJN,B,150.710679612
PAMPOEL,B,158.932503888
PANNENHUIS,M,143.661088401
PAPENKASTEEL,B,155.868894602
PARC,T,100.247451044
PARC,M,88.919019252
PARC DES SOURCES,T,119.036400662
PARC ELISABETH,B,133.132139719
PARC LEOPOLD,B,148.621825458
PARC MALOU,B,138.719216418
PARC MONNET,B,120.260038735
PARC SENY,T,113.583790133
PARC VIVES,T,84.794435352
PARVIS ST-GILLES,T,108.589865250
PASTEUR,B,182.404629113
PATHE,B,195.423040604
PATRIE,T,194.625102768
PATRIE,B,133.476143141
PATTON,B,117.717575758
PAUL LEDUC,B,148.223209618
PAULSEN,B,118.218269858
PAVILLON,T,81.877700233
PAVILLON,B,135.656818182
PAVILLONS MEUDON,B,158.667140825
PEAGE,B,139.691701464
PECHERIES,B,155.258594918
PENTATHLON,T,191.273331119
PERMEKE,B,137.829705336
PETER BENOIT,B,132.737790806
PETERBOS,B,125.593999378
PETILLON,T,104.407087087
PETILLON,M,91.950815180
PETIT SABLON,T,99.444367315
PETIT SABLON,B,113.987949703
PETITE ILE,B,109.929411765
PEUPLIERS,B,122.012952125
PEYO,B,182.735670023
PICARD,B,165.809639530
PICARDIE,B,167.797593772
PLACE R. ASTRID,T,101.287707838
PLACE SAINT-JOB,T,117.784802242
PLACE SAINT-JOB,B,159.226964113
PLACE ST-PIERRE,T,94.822295806
PLACE V. HORTA,B,51.363636364
PLAINE DES SPORTS,B,184.646981627
PLASKY,B,140.265555482
PLEIADES,B,141.151335534
POELAERT,T,99.056276172
POELAERT,B,127.514170040
POGGE,B,173.932984699
POLYCL. BRUGMANN,T,97.399797699
POMMIER,B,131.454165876
PONT ALBERT,B,153.477132806
PORTE DE FLANDRE,T,112.567226098
PORTE DE FLANDRE,B,180.546466809
PORTE DE HAL,T,108.479218326
PORTE DE HAL,M,127.309437855
PORTE DE HAL,B,135.164989059
PORTE DE NAMUR,M,126.787194364
PORTE DE NAMUR,B,126.234482391
PORTE DE NINOVE,T,112.769777292
PORTE DE NINOVE,B,182.834488068
POUCHKINE,B,160.166440085
PRES COMMUNS,B,131.347477413
PRESSE,B,124.700256701
PRINC. CLEMENTINE,T,101.827477714
PRINC. ELISABETH,T,97.993686627
PRINC. ELISABETH,B,151.959343452
PRINCE D'ORANGE,B,192.596107705
PRINCE DE LIEGE,B,129.602810278
PRINCE LEOPOLD,B,153.491717937
PRISON,B,132.822111181
PTE D'ANDERLECHT,T,114.307770571
PTE D'ANDERLECHT,B,89.689126514
QUART.ST-BONIFACE,B,104.302855527
QUATRE BRAS,T,122.776982097
QUATRE-VENTS,T,105.903861397
QUATRE-VENTS,B,139.807062359
QUETELET,B,106.173262770
RACING,B,206.289915966
RADIUM,B,129.194894366
RAMIER,B,112.464210155
RAVENSTEIN,T,121.650678867
REINE ASTRID,B,182.882769473
RELAIS,B,101.697095436
RENE GOBERT,B,114.236808780
RENE HENRY,B,179.745899435
RENIERS,B,152.819526627
RESISTANCE,T,103.178082192
RESISTANCE,B,110.702648475
RIBAUCOURT,T,134.908402021
RIBAUCOURT,M,126.508686454
RIBAUCOURT,B,156.979126928
RIETHUISEN,B,132.961127416
RING 0,B,177.054562559
RITTWEGER,T,111.724687557
RITTWEGER,B,176.241531889
RIVE DROITE,B,156.756168360
RIVE GAUCHE,B,170.664970930
ROBIANO,T,87.834628191
ROCHEFORT,T,126.096391888
ROCHEFORT,B,132.537589956
RODIN,B,100.698232599
RODTS,T,106.345049003
ROFFIAEN,T,99.489484127
ROGIER,T,108.529779445
ROGIER,M,126.091434349
ROGIER,B,158.886981402
ROI BAUDOUIN,M,117.824620573
ROI BAUDOUIN,B,147.477399381
ROI VAINQUEUR,B,149.999683544
RONCES,B,192.337770383
ROND-PT SOUVERAIN,T,114.604179761
ROODEBEEK,T,136.319769831
ROODEBEEK,M,89.301309460
ROODEBEEK,B,124.812148538
ROODENBERG,B,108.629565217
ROOSENDAEL,B,141
ROSA PARKS,B,129.532880845
ROUGE-CLOITRE,B,111.022284123
ROUPPE,B,179.564637681
ROYALE,T,99.001953507
ROYALE,B,108.588174630
RTL HOUSE,B,158.715570786
RUE AU BOIS,T,118.334859839
RUE AU BOIS,B,145.949597728
RUE DE L'OBUS,B,164.933490443
RUE LONGUE,B,161.358778626
RUE TRAVERSIERE,B,154.219347582
RUISBROEK CENTRUM,B,160.677258403
RUISSEAU,T,119.146070076
SABCA,B,152.810887097
SACRE-COEUR,B,145.006076389
SAINCTELETTE,T,134.283198649
SAINT-ANTOINE,B,121.601622545
SAINT-DENIS,T,116.564378947
SAINT-DENIS,B,155.768125914
SAINT-GERY,B,105.378401361
SAINT-GUIDON,T,101.915872694
SAINT-GUIDON,M,89.003885759
SAINT-GUIDON,B,110.440091686
SAINT-JOSSE,B,126.210538205
SAINT-LAMBERT,T,84.199636123
SAINT-LOUIS,B,146.730058366
SAINT-VINCENT,B,118.884863042
SAINTE-ALIX,B,137.343742877
SAINTE-ALLIANCE,B,188.752971688
SAINTE-ANNE,B,115.525024534
SAINTE-CATHERINE,M,90.283440195
SAINTE-FAMILLE,B,167.811892381
SAINTE-MARIE,T,95.190464548
SAVONNERIE,B,164.662027833
SCHAERBEEK GARE,B,153.627321750
SCHERDEMAEL,B,76.464266131
SCHEUT,B,165.554104758
SCHOLA EUROPEA,B,120.282222222
SCHOONEJANS,B,145.116068433
SCHUMAN,M,90.861039694
SCHUMAN,B,143.304176914
SCHWEITZER,T,101.418783053
SCHWEITZER,B,143.298327759
SCIENCE,B,116.527494908
SEPT ETOILES,B,106.629870130
SERBIE,B,129.697709924
SERRES ROYALES,B,124.000647983
SIBELIUS,B,75.992339611
SIMONIS,T,127.946057184
SIMONIS,M,138.230000746
SIMONIS,B,118.217266776
SIMPSON,B,122.734654422
SIPPELBERG,B,103.408798910
SLEGERS,B,139.421634911
SOLBOSCH,T,114.131929390
SORENSEN,B,125.544307233
SPEECKAERT,B,128.477227723
SPORTCENTRUM,B,162.349056604
SQ. DU CENTENAIRE,T,117.652578691
SQ. DU CENTENAIRE,B,159.253425943
STADE,T,105.308997135
STADE FALLON,B,140.886327078
STALLE (P),T,92.872513149
STATION LOT,B,142.934560327
STATUAIRES,B,154.758614778
STEPHANIE,T,118.741115833
STEPHENSON,B,137.571802022
STEURS,B,149.247958258
STIENON,T,98.183294088
STIENON,B,145.891500904
STIJN STREUVELS,B,191.941446613
STOCKEL,T,119.547371266
STOCKEL,M,85.099286678
STOCKEL,B,143.911533816
STRATEGIE,B,111.632161874
STUYVENBERGH,T,92.176139561
STUYVENBERGH,M,143.307437560
SUEDE,T,107.285432132
SUEDE,B,134.805672564
TAMARIS,B,128.302940167
TENREUKEN,T,116.454251150
TER MEEREN,T,120.340986395
TERCOIGNE,B,177.059206246
TERDELT,B,115.113757134
TERVUREN STATION,T,128.936663693
THEVENET,T,125.743557030
THIEFFRY,M,88.417649992
THIEFFRY,B,156.235190487
THIRY-WOLUWE,B,140.519652801
THOMAS,T,121.430950666
THUMAS,B,119.886520376
THYM,B,128.405398712
THYS,B,98.091513492
TILLEUL,T,75.889925032
TIMMERMANS,B,131.863136758
TIR AUX PIGEONS,T,125.004672058
TOMBERG,M,90.049376559
TOMBERG,B,141.874400590
TOULOUSE,B,148.858954041
TOUR ET TAXIS,B,152.599813378
TOURNOI,B,134.566512244
TRANSVAAL,B,111.151228733
TRASSERSWEG,B,126.533819815
TREFLES,B,161.208921256
TREURENBERG,B,131.705065488
TREVES,B,149.189225941
TRIANGLE,T,112.992281568
TRIANGLE,B,182.618423789
TRINITE,T,85.494280554
TRINITE,B,133.878285654
TRITOMAS,B,154.649468892
TROIS COULEURS,T,121.480961538
TROIS PERTUIS,B,171.296536797
TRONE,M,126.310375276
TRONE,B,116.787953819
TWEE LEEUWENWEG,B,169.114530926
TWYENINCK,B,117.086894361
UCCLE CALEVOET,T,110.506639428
UCCLE CALEVOET,B,158.813795647
UCCLE SPORT,B,170.732905983
UCCLE-STALLE,B,107.005037116
UCL SAINT-LUC,B,119.978146853
ULB,T,114.062183170
ULB,B,94.786457900
UNION,T,120.023446942
UZ BRUSSEL,T,119.342867294
UZ BRUSSEL,B,157.289843328
UZ-PEDIATRIE,T,120.469025051
UZ-PEDIATRIE,B,157.130378997
UZ-VUB,B,167.671475330
VAL DES SEIGNEURS,B,138.752613240
VAL MARIA,B,154.150229441
VALDUC,B,111.000465549
VALIDA,T,102.552907739
VAN BEETHOVEN,T,83.225343694
VAN BEETHOVEN,B,171.861248316
VAN BEVER,B,190.231387087
VAN CUTSEM,T,69.814015152
VAN EYCK,B,132.012466058
VAN HAELEN,T,119.845855550
VAN KALKEN,B,116.975503187
VAN PRAET,T,88.902687166
VAN PRAET,B,164.842394289
VAN ZANDE,T,105.695753195
VANDENHOVEN,B,128.564307635
VANDER ELST,B,131.340098545
VANDER MEERSCHEN,B,139.912073827
VANDERKINDERE,T,109.852570783
VANDERSTICHELEN,T,136.831719787
VANDERSTICHELEN,B,173.188850174
VANDERVELDE,M,90.228443584
VANDROMME,B,110.258671780
VANHELLEMONT,B,77.117353059
VANHUFFEL,B,157.681769609
VANNE,B,135.606963958
VARIA,B,153.737112252
VEEWEYDE,M,89.704636678
VEEWEYDE,B,116.560618729
VERBEYST,B,159.974770039
VERBOEKHOVEN,T,79.239188672
VERBOEKHOVEN,B,153.390452030
VEREMAN,T,93.611983293
VERGER,B,152.058364070
VERGOTE,B,151.066529621
VERHEYLEWEGHEN,B,138.309776913
VERREWINKEL,B,182.391774892
VERSAILLES,B,148.079981802
VERT CHASSEUR,B,153.589912281
VETERANS COLON.,B,167.041765794
VETERINAIRES,B,102.853028798
VIADUC E40,B,88.568393363
VICTOR ALLARD,B,148.083274399
VICTOR HUGO,B,155.588018868
VIER FONTEINEN,B,149.860252005
VIER HUISKENS,B,198.785100287
VIEUX CHEMIN,B,167.506187818
VIGNETTE,B,150.288706257
VILLON,B,130.049913941
VILVOORDE STATION,B,117.593223906
VINCOTTE,B,127.433621605
VIOLETTES,B,183.923745174
VIVIER D'OIE,B,131.776847613
VLEURGAT,T,105.303980019
VLEURGAT,B,139.547610253
VLIERKENS,B,174.824779249
VOETBALCLUB,B,139.097636177
VOISINS,B,196.946969697
VOLTAIRE,B,173.227051178
VOOT,T,113.657856700
VOOT,B,140.187899787
VTM,B,179.044527435
VUB,T,100.062822719
WAELHEM,T,89.672468594
WAGON,T,102.387483740
WAGON,B,196.561652281
WAPPERS,B,143.837720488
WASHINGTON,B,156.218421800
WATERBURY,B,145.827371695
WATERLOO WILSON,B,128.453101588
WATERMAEL GARE,B,152.258472433
WAUTERS,B,168.725897921
WAXWEILER,B,167.285714286
WERY,B,145.923390672
WESTLAND SHOPPING,B,119.321167012
WIELS,T,117.269539265
WIELS,B,130.906293706
WIENER,T,116.564155629
WIENER,B,136.220520674
WILLEBROEK,B,151.117507088
WILLEMYNS,B,131.224573299
WINTEROY,B,143.186855670
WITLOOF,B,120.521475257
WOESTE,T,98.465448769
WOESTE,B,128.205970149
WOLUWE SHOPPING,T,113.717325989
WOLVENDAEL,T,123.169412289
WTC,B,133.747265943
YSAYE,T,85.124844566
YSAYE,B,180.788565264
YSER,T,134.308317892
YSER,M,127.153840897
YSER,B,99.667676179
ZAMAN-FOREST NAT.,T,118.888295688
ZAVELPUT,B,120.986256375
ZEECRABBE,B,152.982026511
ZENOBE GRAMME,B,269.415233415
ZEPHYR,B,159.976899527
